incident_id,station,incident_date,incident_period,severity,response_time,station_incidents_count
1,Wall St,2015-04-06,2015-May 2025,2. Medium,9,37
2,Wall St,2015-06-18,2015-May 2025,2. Medium,13.4,37
3,Wall St,2016-08-24,2015-May 2025,1. Low,14.8,37
4,Wall St,2016-09-04,2015-May 2025,1. Low,8,37
5,Wall St,2017-02-18,2015-May 2025,3. High,10.8,37
6,Wall St,2017-04-15,2015-May 2025,1. Low,11.3,37
7,Wall St,2017-04-27,2015-May 2025,3. High,11.5,37
8,Wall St,2018-01-07,2015-May 2025,1. Low,11.7,37
9,Wall St,2018-03-05,2015-May 2025,3. High,5.5,37
10,Wall St,2018-03-15,2015-May 2025,1. Low,8.4,37
11,Wall St,2018-05-22,2015-May 2025,3. High,14,37
12,Wall St,2018-06-13,2015-May 2025,2. Medium,14.6,37
13,Wall St,2018-08-27,2015-May 2025,2. Medium,12.8,37
14,Wall St,2019-06-06,2015-May 2025,3. High,5.9,37
15,Wall St,2019-11-14,2015-May 2025,1. Low,8.3,37
16,Wall St,2020-03-10,2015-May 2025,2. Medium,5.2,37
17,Wall St,2020-06-14,2015-May 2025,3. High,13.6,37
18,Wall St,2020-10-18,2015-May 2025,3. High,5.2,37
19,Wall St,2021-01-05,2015-May 2025,2. Medium,8.5,37
20,Wall St,2021-01-10,2015-May 2025,3. High,8.2,37
21,Wall St,2021-02-18,2015-May 2025,1. Low,14.1,37
22,Wall St,2021-03-12,2015-May 2025,3. High,10.1,37
23,Wall St,2021-03-28,2015-May 2025,3. High,7.2,37
24,Wall St,2021-04-22,2015-May 2025,1. Low,10.5,37
25,Wall St,2021-04-25,2015-May 2025,2. Medium,5.8,37
26,Wall St,2021-12-11,2015-May 2025,2. Medium,8.7,37
27,Wall St,2022-02-21,2015-May 2025,3. High,14.9,37
28,Wall St,2022-04-25,2015-May 2025,3. High,13.6,37
29,Wall St,2022-05-23,2015-May 2025,1. Low,7.3,37
30,Wall St,2022-10-22,2015-May 2025,2. Medium,9.7,37
31,Wall St,2022-11-16,2015-May 2025,1. Low,14.7,37
32,Wall St,2023-02-25,2015-May 2025,3. High,12,37
33,Wall St,2023-04-02,2015-May 2025,1. Low,12.5,37
34,Wall St,2023-04-03,2015-May 2025,1. Low,9.7,37
35,Wall St,2023-07-03,2015-May 2025,3. High,8.2,37
36,Wall St,2024-12-04,2015-May 2025,3. High,9.6,37
37,Wall St,2025-05-29,2015-May 2025,2. Medium,13,37
1,96 St,2015-07-27,2015-May 2025,1. Low,4.8,32
2,96 St,2016-01-09,2015-May 2025,3. High,6.3,32
3,96 St,2016-05-03,2015-May 2025,3. High,4.5,32
4,96 St,2016-07-07,2015-May 2025,2. Medium,5.5,32
5,96 St,2017-01-04,2015-May 2025,2. Medium,6.4,32
6,96 St,2017-01-30,2015-May 2025,1. Low,7.4,32
7,96 St,2017-05-31,2015-May 2025,3. High,7.5,32
8,96 St,2017-10-12,2015-May 2025,1. Low,7.2,32
9,96 St,2018-01-08,2015-May 2025,1. Low,7.4,32
10,96 St,2018-01-15,2015-May 2025,3. High,3,32
11,96 St,2018-05-06,2015-May 2025,2. Medium,5.4,32
12,96 St,2018-07-03,2015-May 2025,2. Medium,8.3,32
13,96 St,2018-11-19,2015-May 2025,2. Medium,7.4,32
14,96 St,2019-01-11,2015-May 2025,2. Medium,5.5,32
15,96 St,2019-02-27,2015-May 2025,1. Low,4.5,32
16,96 St,2019-10-16,2015-May 2025,3. High,7.6,32
17,96 St,2020-02-11,2015-May 2025,2. Medium,6.2,32
18,96 St,2020-03-17,2015-May 2025,3. High,9.1,32
19,96 St,2020-05-01,2015-May 2025,1. Low,6.9,32
20,96 St,2020-08-11,2015-May 2025,3. High,6,32
21,96 St,2021-02-18,2015-May 2025,2. Medium,6.3,32
22,96 St,2021-06-18,2015-May 2025,3. High,5.9,32
23,96 St,2021-12-02,2015-May 2025,2. Medium,8,32
24,96 St,2022-08-16,2015-May 2025,3. High,2,32
25,96 St,2023-02-20,2015-May 2025,3. High,8.4,32
26,96 St,2023-04-13,2015-May 2025,2. Medium,5.3,32
27,96 St,2023-05-30,2015-May 2025,1. Low,4.8,32
28,96 St,2023-08-15,2015-May 2025,2. Medium,5.3,32
29,96 St,2024-02-05,2015-May 2025,3. High,5.3,32
30,96 St,2024-02-22,2015-May 2025,3. High,5.4,32
31,96 St,2024-09-28,2015-May 2025,2. Medium,7.5,32
32,96 St,2025-01-30,2015-May 2025,2. Medium,2.1,32
1,72 St,2015-07-25,2015-May 2025,1. Low,6.8,31
2,72 St,2015-10-15,2015-May 2025,1. Low,6.1,31
3,72 St,2015-10-22,2015-May 2025,1. Low,9.6,31
4,72 St,2016-07-14,2015-May 2025,3. High,14.3,31
5,72 St,2016-11-08,2015-May 2025,3. High,14,31
6,72 St,2017-03-26,2015-May 2025,1. Low,11.1,31
7,72 St,2017-08-21,2015-May 2025,2. Medium,7,31
8,72 St,2017-09-12,2015-May 2025,1. Low,4.9,31
9,72 St,2017-09-21,2015-May 2025,3. High,13.1,31
10,72 St,2017-11-02,2015-May 2025,3. High,8.3,31
11,72 St,2017-11-22,2015-May 2025,2. Medium,13.6,31
12,72 St,2017-12-02,2015-May 2025,3. High,12.7,31
13,72 St,2018-03-27,2015-May 2025,1. Low,8.4,31
14,72 St,2019-04-29,2015-May 2025,2. Medium,9.2,31
15,72 St,2019-06-02,2015-May 2025,1. Low,12.9,31
16,72 St,2020-06-17,2015-May 2025,2. Medium,11.9,31
17,72 St,2021-03-01,2015-May 2025,3. High,13.3,31
18,72 St,2021-03-26,2015-May 2025,2. Medium,14,31
19,72 St,2021-05-05,2015-May 2025,3. High,10.9,31
20,72 St,2021-07-30,2015-May 2025,3. High,14,31
21,72 St,2022-01-04,2015-May 2025,3. High,6.2,31
22,72 St,2022-06-18,2015-May 2025,1. Low,8,31
23,72 St,2022-10-14,2015-May 2025,2. Medium,10.5,31
24,72 St,2022-12-07,2015-May 2025,3. High,10.5,31
25,72 St,2023-10-19,2015-May 2025,2. Medium,11.6,31
26,72 St,2023-12-23,2015-May 2025,3. High,9.6,31
27,72 St,2024-04-26,2015-May 2025,3. High,11.8,31
28,72 St,2024-08-06,2015-May 2025,1. Low,8.2,31
29,72 St,2024-10-11,2015-May 2025,2. Medium,12.5,31
30,72 St,2024-11-15,2015-May 2025,3. High,11.9,31
31,72 St,2025-05-05,2015-May 2025,2. Medium,8.1,31
1,86 St,2015-05-28,2015-May 2025,3. High,4.7,29
2,86 St,2016-01-07,2015-May 2025,3. High,6,29
3,86 St,2016-01-13,2015-May 2025,1. Low,4,29
4,86 St,2016-04-15,2015-May 2025,1. Low,3.3,29
5,86 St,2016-05-23,2015-May 2025,3. High,2.6,29
6,86 St,2016-06-09,2015-May 2025,2. Medium,6.1,29
7,86 St,2018-01-18,2015-May 2025,2. Medium,7.7,29
8,86 St,2018-04-26,2015-May 2025,1. Low,8.7,29
9,86 St,2018-11-04,2015-May 2025,3. High,5.1,29
10,86 St,2018-12-23,2015-May 2025,3. High,4.1,29
11,86 St,2018-12-26,2015-May 2025,3. High,6.6,29
12,86 St,2019-07-14,2015-May 2025,3. High,4,29
13,86 St,2020-01-01,2015-May 2025,2. Medium,6.6,29
14,86 St,2020-06-25,2015-May 2025,3. High,4.9,29
15,86 St,2020-09-02,2015-May 2025,1. Low,8.2,29
16,86 St,2020-11-03,2015-May 2025,3. High,6,29
17,86 St,2021-04-14,2015-May 2025,3. High,4.7,29
18,86 St,2021-07-20,2015-May 2025,3. High,6.8,29
19,86 St,2022-02-11,2015-May 2025,2. Medium,4,29
20,86 St,2022-02-18,2015-May 2025,3. High,3.9,29
21,86 St,2022-07-28,2015-May 2025,1. Low,2,29
22,86 St,2022-10-16,2015-May 2025,3. High,5.1,29
23,86 St,2023-10-18,2015-May 2025,2. Medium,5.4,29
24,86 St,2023-12-31,2015-May 2025,2. Medium,2,29
25,86 St,2024-01-31,2015-May 2025,1. Low,6.3,29
26,86 St,2024-03-19,2015-May 2025,1. Low,3.1,29
27,86 St,2024-04-11,2015-May 2025,2. Medium,7.3,29
28,86 St,2024-07-07,2015-May 2025,1. Low,8.3,29
29,86 St,2025-01-24,2015-May 2025,3. High,4.2,29
1,West 4 St-Wash Sq,2015-12-03,2015-May 2025,1. Low,12.1,29
2,West 4 St-Wash Sq,2016-10-09,2015-May 2025,3. High,18.1,29
3,West 4 St-Wash Sq,2016-10-24,2015-May 2025,2. Medium,17.7,29
4,West 4 St-Wash Sq,2017-02-13,2015-May 2025,2. Medium,18.6,29
5,West 4 St-Wash Sq,2017-11-26,2015-May 2025,2. Medium,17.9,29
6,West 4 St-Wash Sq,2018-01-19,2015-May 2025,3. High,24.1,29
7,West 4 St-Wash Sq,2018-06-26,2015-May 2025,3. High,22.2,29
8,West 4 St-Wash Sq,2018-11-11,2015-May 2025,2. Medium,22,29
9,West 4 St-Wash Sq,2019-02-05,2015-May 2025,2. Medium,24.1,29
10,West 4 St-Wash Sq,2019-02-20,2015-May 2025,2. Medium,14.9,29
11,West 4 St-Wash Sq,2019-03-14,2015-May 2025,3. High,24,29
12,West 4 St-Wash Sq,2019-07-22,2015-May 2025,1. Low,17.8,29
13,West 4 St-Wash Sq,2020-02-15,2015-May 2025,3. High,19.3,29
14,West 4 St-Wash Sq,2020-02-20,2015-May 2025,1. Low,13.7,29
15,West 4 St-Wash Sq,2020-03-09,2015-May 2025,1. Low,13.6,29
16,West 4 St-Wash Sq,2020-07-29,2015-May 2025,3. High,22.6,29
17,West 4 St-Wash Sq,2020-08-23,2015-May 2025,2. Medium,20.9,29
18,West 4 St-Wash Sq,2021-03-15,2015-May 2025,3. High,11.8,29
19,West 4 St-Wash Sq,2021-08-24,2015-May 2025,2. Medium,18.6,29
20,West 4 St-Wash Sq,2022-09-04,2015-May 2025,1. Low,22.8,29
21,West 4 St-Wash Sq,2022-12-11,2015-May 2025,1. Low,15.8,29
22,West 4 St-Wash Sq,2022-12-19,2015-May 2025,3. High,17.8,29
23,West 4 St-Wash Sq,2023-06-13,2015-May 2025,1. Low,13.6,29
24,West 4 St-Wash Sq,2023-10-21,2015-May 2025,2. Medium,22.2,29
25,West 4 St-Wash Sq,2024-10-07,2015-May 2025,3. High,20.2,29
26,West 4 St-Wash Sq,2025-05-12,2015-May 2025,1. Low,18,29
27,West 4 St-Wash Sq,2025-05-18,2015-May 2025,2. Medium,22.6,29
1,West 4 St-Wash Sq,2025-06-20,Summer of 2025,1. Low,13.9,29
2,West 4 St-Wash Sq,2025-07-17,Summer of 2025,1. Low,21.7,29
1,42 St-Port Authority,2015-07-19,2015-May 2025,2. Medium,11.8,28
2,42 St-Port Authority,2015-09-18,2015-May 2025,2. Medium,11.7,28
3,42 St-Port Authority,2016-12-29,2015-May 2025,3. High,7.5,28
4,42 St-Port Authority,2017-03-15,2015-May 2025,1. Low,9.7,28
5,42 St-Port Authority,2017-06-23,2015-May 2025,3. High,11.7,28
6,42 St-Port Authority,2017-11-02,2015-May 2025,3. High,7.7,28
7,42 St-Port Authority,2018-05-01,2015-May 2025,3. High,13,28
8,42 St-Port Authority,2018-06-02,2015-May 2025,3. High,13.3,28
9,42 St-Port Authority,2018-06-23,2015-May 2025,2. Medium,7.8,28
10,42 St-Port Authority,2018-09-07,2015-May 2025,1. Low,13.8,28
11,42 St-Port Authority,2019-08-08,2015-May 2025,3. High,14.7,28
12,42 St-Port Authority,2019-10-13,2015-May 2025,3. High,12.5,28
13,42 St-Port Authority,2020-04-20,2015-May 2025,3. High,11.9,28
14,42 St-Port Authority,2020-04-22,2015-May 2025,2. Medium,12.7,28
15,42 St-Port Authority,2020-09-10,2015-May 2025,3. High,10.8,28
16,42 St-Port Authority,2021-05-28,2015-May 2025,2. Medium,8.7,28
17,42 St-Port Authority,2021-06-08,2015-May 2025,2. Medium,12.2,28
18,42 St-Port Authority,2021-06-19,2015-May 2025,2. Medium,12.7,28
19,42 St-Port Authority,2021-08-14,2015-May 2025,3. High,14.2,28
20,42 St-Port Authority,2021-12-21,2015-May 2025,2. Medium,13.2,28
21,42 St-Port Authority,2022-03-05,2015-May 2025,1. Low,11.2,28
22,42 St-Port Authority,2023-04-25,2015-May 2025,2. Medium,12,28
23,42 St-Port Authority,2023-06-27,2015-May 2025,3. High,13.6,28
24,42 St-Port Authority,2023-09-06,2015-May 2025,2. Medium,7.6,28
25,42 St-Port Authority,2024-01-25,2015-May 2025,3. High,13.4,28
26,42 St-Port Authority,2024-05-01,2015-May 2025,1. Low,7.8,28
27,42 St-Port Authority,2024-11-19,2015-May 2025,3. High,13.5,28
28,42 St-Port Authority,2024-12-30,2015-May 2025,3. High,7.6,28
1,34 St-Penn Station,2015-03-02,2015-May 2025,1. Low,5.1,27
2,34 St-Penn Station,2015-03-10,2015-May 2025,2. Medium,4.6,27
3,34 St-Penn Station,2016-07-10,2015-May 2025,1. Low,7.9,27
4,34 St-Penn Station,2016-08-23,2015-May 2025,3. High,2.8,27
5,34 St-Penn Station,2016-12-29,2015-May 2025,1. Low,7.8,27
6,34 St-Penn Station,2017-01-26,2015-May 2025,2. Medium,2.7,27
7,34 St-Penn Station,2017-08-20,2015-May 2025,2. Medium,6.2,27
8,34 St-Penn Station,2017-12-20,2015-May 2025,3. High,4.8,27
9,34 St-Penn Station,2019-01-29,2015-May 2025,1. Low,4.3,27
10,34 St-Penn Station,2019-03-23,2015-May 2025,1. Low,4.5,27
11,34 St-Penn Station,2019-04-19,2015-May 2025,1. Low,5.3,27
12,34 St-Penn Station,2019-09-14,2015-May 2025,1. Low,14.2,27
13,34 St-Penn Station,2020-02-03,2015-May 2025,2. Medium,4.8,27
14,34 St-Penn Station,2020-02-20,2015-May 2025,2. Medium,6.5,27
15,34 St-Penn Station,2020-02-21,2015-May 2025,1. Low,2.4,27
16,34 St-Penn Station,2021-02-06,2015-May 2025,1. Low,3.1,27
17,34 St-Penn Station,2021-03-21,2015-May 2025,2. Medium,4.1,27
18,34 St-Penn Station,2021-04-11,2015-May 2025,2. Medium,2.7,27
19,34 St-Penn Station,2021-06-24,2015-May 2025,3. High,3.7,27
20,34 St-Penn Station,2021-09-11,2015-May 2025,3. High,3.8,27
21,34 St-Penn Station,2022-10-06,2015-May 2025,3. High,4.5,27
22,34 St-Penn Station,2023-09-14,2015-May 2025,2. Medium,4.2,27
23,34 St-Penn Station,2023-12-18,2015-May 2025,1. Low,5.4,27
24,34 St-Penn Station,2024-01-18,2015-May 2025,2. Medium,4.2,27
25,34 St-Penn Station,2024-10-05,2015-May 2025,3. High,5.9,27
26,34 St-Penn Station,2025-03-22,2015-May 2025,1. Low,9.4,27
1,34 St-Penn Station,2025-07-24,Summer of 2025,3. High,4.1,27
1,23 St,2015-06-15,2015-May 2025,1. Low,12.5,26
2,23 St,2015-07-11,2015-May 2025,1. Low,8.3,26
3,23 St,2015-11-16,2015-May 2025,3. High,15.9,26
4,23 St,2016-06-20,2015-May 2025,3. High,12.1,26
5,23 St,2016-08-28,2015-May 2025,1. Low,9.6,26
6,23 St,2016-09-11,2015-May 2025,3. High,10.7,26
7,23 St,2016-09-15,2015-May 2025,1. Low,10.9,26
8,23 St,2017-03-29,2015-May 2025,2. Medium,14.6,26
9,23 St,2017-06-21,2015-May 2025,2. Medium,4.8,26
10,23 St,2018-02-03,2015-May 2025,1. Low,11,26
11,23 St,2018-11-20,2015-May 2025,3. High,6.8,26
12,23 St,2019-01-06,2015-May 2025,3. High,11.9,26
13,23 St,2019-08-08,2015-May 2025,1. Low,6.6,26
14,23 St,2019-09-01,2015-May 2025,2. Medium,11.7,26
15,23 St,2020-04-21,2015-May 2025,1. Low,12.6,26
16,23 St,2020-04-29,2015-May 2025,1. Low,9.9,26
17,23 St,2020-12-06,2015-May 2025,3. High,7.4,26
18,23 St,2021-07-07,2015-May 2025,2. Medium,7.3,26
19,23 St,2021-12-02,2015-May 2025,3. High,14.1,26
20,23 St,2021-12-05,2015-May 2025,1. Low,14.3,26
21,23 St,2022-02-21,2015-May 2025,1. Low,12.8,26
22,23 St,2022-08-31,2015-May 2025,1. Low,12.7,26
23,23 St,2023-05-02,2015-May 2025,3. High,12.4,26
24,23 St,2023-09-28,2015-May 2025,2. Medium,9.9,26
25,23 St,2024-02-26,2015-May 2025,1. Low,18.1,26
1,23 St,2025-07-24,Summer of 2025,1. Low,11.3,26
1,Times Sq-42 St,2016-08-12,2015-May 2025,1. Low,3.2,26
2,Times Sq-42 St,2017-02-19,2015-May 2025,3. High,6.6,26
3,Times Sq-42 St,2017-04-17,2015-May 2025,1. Low,2,26
4,Times Sq-42 St,2017-07-03,2015-May 2025,3. High,7.1,26
5,Times Sq-42 St,2017-07-08,2015-May 2025,3. High,5.2,26
6,Times Sq-42 St,2017-07-11,2015-May 2025,3. High,6.1,26
7,Times Sq-42 St,2017-07-25,2015-May 2025,3. High,3.2,26
8,Times Sq-42 St,2017-08-29,2015-May 2025,3. High,7,26
9,Times Sq-42 St,2018-05-19,2015-May 2025,1. Low,5.7,26
10,Times Sq-42 St,2018-06-16,2015-May 2025,1. Low,5.3,26
11,Times Sq-42 St,2018-08-18,2015-May 2025,3. High,5.3,26
12,Times Sq-42 St,2018-10-15,2015-May 2025,1. Low,6.6,26
13,Times Sq-42 St,2019-08-22,2015-May 2025,2. Medium,5.8,26
14,Times Sq-42 St,2019-12-13,2015-May 2025,2. Medium,5.3,26
15,Times Sq-42 St,2020-02-17,2015-May 2025,2. Medium,4,26
16,Times Sq-42 St,2020-07-19,2015-May 2025,3. High,8.2,26
17,Times Sq-42 St,2020-08-23,2015-May 2025,2. Medium,4.6,26
18,Times Sq-42 St,2021-03-08,2015-May 2025,2. Medium,8.4,26
19,Times Sq-42 St,2021-11-27,2015-May 2025,2. Medium,2,26
20,Times Sq-42 St,2022-01-09,2015-May 2025,3. High,4.6,26
21,Times Sq-42 St,2022-04-21,2015-May 2025,2. Medium,6.1,26
22,Times Sq-42 St,2022-05-27,2015-May 2025,1. Low,5,26
23,Times Sq-42 St,2023-08-11,2015-May 2025,1. Low,2.8,26
24,Times Sq-42 St,2024-08-29,2015-May 2025,2. Medium,5.7,26
25,Times Sq-42 St,2024-11-20,2015-May 2025,1. Low,5.3,26
1,Times Sq-42 St,2025-06-14,Summer of 2025,1. Low,2,26
1,59 St-Columbus Circle,2015-01-28,2015-May 2025,3. High,15.6,24
2,59 St-Columbus Circle,2015-04-30,2015-May 2025,2. Medium,17.6,24
3,59 St-Columbus Circle,2015-09-12,2015-May 2025,3. High,22.6,24
4,59 St-Columbus Circle,2016-04-19,2015-May 2025,3. High,25.4,24
5,59 St-Columbus Circle,2016-05-08,2015-May 2025,2. Medium,19.8,24
6,59 St-Columbus Circle,2016-05-16,2015-May 2025,3. High,19.2,24
7,59 St-Columbus Circle,2016-12-31,2015-May 2025,2. Medium,19.5,24
8,59 St-Columbus Circle,2017-09-08,2015-May 2025,3. High,17.8,24
9,59 St-Columbus Circle,2017-09-28,2015-May 2025,3. High,17,24
10,59 St-Columbus Circle,2018-08-17,2015-May 2025,2. Medium,15.8,24
11,59 St-Columbus Circle,2018-09-18,2015-May 2025,3. High,11.1,24
12,59 St-Columbus Circle,2018-11-04,2015-May 2025,2. Medium,14.8,24
13,59 St-Columbus Circle,2018-12-10,2015-May 2025,1. Low,21,24
14,59 St-Columbus Circle,2019-01-31,2015-May 2025,1. Low,17.6,24
15,59 St-Columbus Circle,2020-04-23,2015-May 2025,2. Medium,19.3,24
16,59 St-Columbus Circle,2020-06-27,2015-May 2025,3. High,18.9,24
17,59 St-Columbus Circle,2021-09-24,2015-May 2025,2. Medium,25,24
18,59 St-Columbus Circle,2021-10-22,2015-May 2025,1. Low,14.4,24
19,59 St-Columbus Circle,2022-05-29,2015-May 2025,1. Low,23.4,24
20,59 St-Columbus Circle,2022-07-21,2015-May 2025,1. Low,19.5,24
21,59 St-Columbus Circle,2024-07-27,2015-May 2025,2. Medium,16.8,24
22,59 St-Columbus Circle,2024-09-09,2015-May 2025,2. Medium,23.1,24
23,59 St-Columbus Circle,2024-11-30,2015-May 2025,1. Low,22.4,24
1,59 St-Columbus Circle,2025-07-24,Summer of 2025,1. Low,18.5,24
1,Christopher St,2015-02-06,2015-May 2025,1. Low,6.9,23
2,Christopher St,2015-03-21,2015-May 2025,3. High,12.4,23
3,Christopher St,2016-04-15,2015-May 2025,1. Low,6.8,23
4,Christopher St,2016-10-24,2015-May 2025,1. Low,6,23
5,Christopher St,2016-10-24,2015-May 2025,3. High,2,23
6,Christopher St,2017-04-25,2015-May 2025,2. Medium,10.3,23
7,Christopher St,2017-09-20,2015-May 2025,1. Low,7.2,23
8,Christopher St,2018-08-20,2015-May 2025,2. Medium,4.4,23
9,Christopher St,2018-11-02,2015-May 2025,1. Low,8.5,23
10,Christopher St,2020-02-05,2015-May 2025,2. Medium,7.3,23
11,Christopher St,2020-10-10,2015-May 2025,1. Low,6.5,23
12,Christopher St,2021-02-20,2015-May 2025,2. Medium,6.3,23
13,Christopher St,2021-03-23,2015-May 2025,2. Medium,9.8,23
14,Christopher St,2021-03-25,2015-May 2025,3. High,2.6,23
15,Christopher St,2021-04-30,2015-May 2025,3. High,5.8,23
16,Christopher St,2021-08-17,2015-May 2025,3. High,5.8,23
17,Christopher St,2021-11-16,2015-May 2025,3. High,3.7,23
18,Christopher St,2022-01-31,2015-May 2025,1. Low,5.9,23
19,Christopher St,2023-04-05,2015-May 2025,1. Low,5.1,23
20,Christopher St,2024-02-22,2015-May 2025,3. High,8.5,23
21,Christopher St,2024-03-19,2015-May 2025,2. Medium,14.3,23
22,Christopher St,2024-05-15,2015-May 2025,2. Medium,3.3,23
23,Christopher St,2025-05-30,2015-May 2025,3. High,5.4,23
1,125 St,2015-05-02,2015-May 2025,3. High,15.2,22
2,125 St,2016-05-16,2015-May 2025,2. Medium,21.4,22
3,125 St,2016-06-04,2015-May 2025,3. High,19.6,22
4,125 St,2017-01-25,2015-May 2025,1. Low,24.7,22
5,125 St,2017-02-12,2015-May 2025,1. Low,14.5,22
6,125 St,2018-01-18,2015-May 2025,1. Low,22.9,22
7,125 St,2018-09-19,2015-May 2025,3. High,21.5,22
8,125 St,2019-02-04,2015-May 2025,2. Medium,25.1,22
9,125 St,2019-10-07,2015-May 2025,2. Medium,17.3,22
10,125 St,2020-08-08,2015-May 2025,1. Low,22.4,22
11,125 St,2020-09-15,2015-May 2025,1. Low,20,22
12,125 St,2020-11-19,2015-May 2025,1. Low,15.2,22
13,125 St,2020-11-26,2015-May 2025,1. Low,26,22
14,125 St,2021-02-10,2015-May 2025,3. High,14.2,22
15,125 St,2022-04-04,2015-May 2025,2. Medium,16.1,22
16,125 St,2023-01-11,2015-May 2025,1. Low,13.4,22
17,125 St,2023-07-27,2015-May 2025,1. Low,16.1,22
18,125 St,2023-12-14,2015-May 2025,2. Medium,18.3,22
19,125 St,2024-01-30,2015-May 2025,1. Low,9,22
20,125 St,2024-10-22,2015-May 2025,2. Medium,22.5,22
21,125 St,2024-11-25,2015-May 2025,3. High,11,22
1,125 St,2025-07-22,Summer of 2025,3. High,21.4,22
1,28 St,2015-01-17,2015-May 2025,2. Medium,9.4,22
2,28 St,2015-03-13,2015-May 2025,2. Medium,5.4,22
3,28 St,2015-07-31,2015-May 2025,3. High,11,22
4,28 St,2016-03-31,2015-May 2025,3. High,9.8,22
5,28 St,2016-11-30,2015-May 2025,2. Medium,14.7,22
6,28 St,2016-12-21,2015-May 2025,3. High,12.7,22
7,28 St,2017-07-02,2015-May 2025,2. Medium,10.8,22
8,28 St,2017-11-09,2015-May 2025,1. Low,9.8,22
9,28 St,2018-05-29,2015-May 2025,1. Low,11.3,22
10,28 St,2018-12-19,2015-May 2025,1. Low,14.7,22
11,28 St,2019-02-06,2015-May 2025,3. High,8.8,22
12,28 St,2019-07-07,2015-May 2025,3. High,8.4,22
13,28 St,2020-03-15,2015-May 2025,2. Medium,16,22
14,28 St,2020-03-27,2015-May 2025,1. Low,13.7,22
15,28 St,2020-06-25,2015-May 2025,2. Medium,13.3,22
16,28 St,2020-10-03,2015-May 2025,3. High,13,22
17,28 St,2021-11-07,2015-May 2025,1. Low,9.8,22
18,28 St,2022-12-04,2015-May 2025,1. Low,13.6,22
19,28 St,2023-05-01,2015-May 2025,3. High,6.4,22
20,28 St,2024-06-13,2015-May 2025,1. Low,13.5,22
21,28 St,2024-11-16,2015-May 2025,1. Low,13,22
1,28 St,2025-07-27,Summer of 2025,1. Low,11.1,22
1,Canal St,2015-06-08,2015-May 2025,3. High,13.1,22
2,Canal St,2016-03-16,2015-May 2025,1. Low,18.9,22
3,Canal St,2016-09-15,2015-May 2025,1. Low,16.5,22
4,Canal St,2017-07-24,2015-May 2025,1. Low,24.2,22
5,Canal St,2018-02-16,2015-May 2025,1. Low,12.2,22
6,Canal St,2019-12-05,2015-May 2025,1. Low,21.2,22
7,Canal St,2019-12-08,2015-May 2025,1. Low,19,22
8,Canal St,2020-03-22,2015-May 2025,1. Low,22.4,22
9,Canal St,2020-07-02,2015-May 2025,2. Medium,18.5,22
10,Canal St,2020-07-03,2015-May 2025,1. Low,24.1,22
11,Canal St,2020-09-02,2015-May 2025,3. High,22.8,22
12,Canal St,2020-09-06,2015-May 2025,2. Medium,15.8,22
13,Canal St,2021-08-02,2015-May 2025,2. Medium,15.1,22
14,Canal St,2021-11-06,2015-May 2025,1. Low,20.6,22
15,Canal St,2022-10-30,2015-May 2025,1. Low,24.5,22
16,Canal St,2023-01-07,2015-May 2025,1. Low,18.1,22
17,Canal St,2023-09-15,2015-May 2025,1. Low,13.4,22
18,Canal St,2024-05-23,2015-May 2025,1. Low,14.4,22
19,Canal St,2024-07-01,2015-May 2025,3. High,21.3,22
20,Canal St,2024-10-29,2015-May 2025,3. High,11.6,22
21,Canal St,2025-03-25,2015-May 2025,3. High,16.3,22
1,Canal St,2025-07-22,Summer of 2025,2. Medium,20.9,22
1,Chambers St,2015-06-30,2015-May 2025,1. Low,3.9,22
2,Chambers St,2016-04-29,2015-May 2025,3. High,8.1,22
3,Chambers St,2016-06-08,2015-May 2025,2. Medium,7,22
4,Chambers St,2016-07-14,2015-May 2025,3. High,7.5,22
5,Chambers St,2017-01-30,2015-May 2025,2. Medium,5.9,22
6,Chambers St,2018-01-09,2015-May 2025,3. High,5.6,22
7,Chambers St,2018-09-22,2015-May 2025,3. High,7.1,22
8,Chambers St,2019-02-04,2015-May 2025,3. High,5.7,22
9,Chambers St,2019-07-05,2015-May 2025,2. Medium,7.1,22
10,Chambers St,2019-08-07,2015-May 2025,2. Medium,7.5,22
11,Chambers St,2019-11-24,2015-May 2025,3. High,4.4,22
12,Chambers St,2020-09-02,2015-May 2025,2. Medium,7,22
13,Chambers St,2021-04-28,2015-May 2025,3. High,4,22
14,Chambers St,2022-01-26,2015-May 2025,3. High,6,22
15,Chambers St,2023-05-25,2015-May 2025,3. High,6.8,22
16,Chambers St,2023-09-18,2015-May 2025,3. High,5.9,22
17,Chambers St,2023-12-20,2015-May 2025,3. High,7.5,22
18,Chambers St,2024-05-31,2015-May 2025,2. Medium,8.7,22
19,Chambers St,2024-10-16,2015-May 2025,2. Medium,5.3,22
20,Chambers St,2024-12-03,2015-May 2025,2. Medium,2,22
21,Chambers St,2025-05-21,2015-May 2025,3. High,7,22
1,Chambers St,2025-07-21,Summer of 2025,3. High,3.9,22
1,Fulton St,2015-11-03,2015-May 2025,1. Low,5.5,22
2,Fulton St,2016-06-06,2015-May 2025,3. High,3.2,22
3,Fulton St,2016-10-17,2015-May 2025,1. Low,4,22
4,Fulton St,2017-10-14,2015-May 2025,2. Medium,2,22
5,Fulton St,2018-12-21,2015-May 2025,2. Medium,3.8,22
6,Fulton St,2020-01-19,2015-May 2025,1. Low,6.8,22
7,Fulton St,2021-07-03,2015-May 2025,1. Low,4.1,22
8,Fulton St,2021-10-24,2015-May 2025,1. Low,8.1,22
9,Fulton St,2021-10-30,2015-May 2025,2. Medium,2.2,22
10,Fulton St,2022-05-20,2015-May 2025,2. Medium,5,22
11,Fulton St,2022-08-08,2015-May 2025,1. Low,8.9,22
12,Fulton St,2022-11-05,2015-May 2025,3. High,4.8,22
13,Fulton St,2022-11-14,2015-May 2025,3. High,2.6,22
14,Fulton St,2023-02-19,2015-May 2025,2. Medium,4.9,22
15,Fulton St,2023-02-21,2015-May 2025,1. Low,5.8,22
16,Fulton St,2023-03-05,2015-May 2025,3. High,5.3,22
17,Fulton St,2023-10-17,2015-May 2025,2. Medium,6.1,22
18,Fulton St,2023-11-14,2015-May 2025,3. High,5.6,22
19,Fulton St,2023-12-22,2015-May 2025,2. Medium,4.4,22
20,Fulton St,2024-05-02,2015-May 2025,1. Low,5.7,22
21,Fulton St,2024-07-24,2015-May 2025,1. Low,6.8,22
1,Fulton St,2025-07-15,Summer of 2025,3. High,4.7,22
1,Houston St,2015-11-26,2015-May 2025,1. Low,4.1,22
2,Houston St,2016-01-24,2015-May 2025,2. Medium,5.1,22
3,Houston St,2016-02-03,2015-May 2025,1. Low,4.5,22
4,Houston St,2016-03-08,2015-May 2025,3. High,2.7,22
5,Houston St,2016-09-13,2015-May 2025,3. High,5,22
6,Houston St,2017-07-22,2015-May 2025,1. Low,5.8,22
7,Houston St,2018-02-13,2015-May 2025,2. Medium,5.7,22
8,Houston St,2019-02-22,2015-May 2025,3. High,4.7,22
9,Houston St,2019-04-12,2015-May 2025,1. Low,8.4,22
10,Houston St,2020-01-28,2015-May 2025,1. Low,6.5,22
11,Houston St,2020-01-29,2015-May 2025,1. Low,4.3,22
12,Houston St,2021-01-12,2015-May 2025,3. High,5.1,22
13,Houston St,2021-01-30,2015-May 2025,1. Low,2.8,22
14,Houston St,2021-05-14,2015-May 2025,1. Low,3.6,22
15,Houston St,2022-08-29,2015-May 2025,3. High,5.5,22
16,Houston St,2023-02-10,2015-May 2025,1. Low,5.2,22
17,Houston St,2023-05-23,2015-May 2025,3. High,6.3,22
18,Houston St,2023-11-07,2015-May 2025,3. High,2.1,22
19,Houston St,2024-07-12,2015-May 2025,1. Low,8.7,22
20,Houston St,2024-12-18,2015-May 2025,3. High,4.1,22
21,Houston St,2025-03-24,2015-May 2025,3. High,6.2,22
1,Houston St,2025-07-13,Summer of 2025,1. Low,4.4,22
1,50 St,2015-09-01,2015-May 2025,1. Low,8.5,21
2,50 St,2015-11-05,2015-May 2025,3. High,4.2,21
3,50 St,2016-03-31,2015-May 2025,2. Medium,5.3,21
4,50 St,2017-08-29,2015-May 2025,2. Medium,5,21
5,50 St,2018-03-09,2015-May 2025,3. High,7.8,21
6,50 St,2018-04-13,2015-May 2025,1. Low,4.1,21
7,50 St,2018-05-12,2015-May 2025,3. High,4.4,21
8,50 St,2018-07-11,2015-May 2025,2. Medium,6.4,21
9,50 St,2020-04-12,2015-May 2025,1. Low,2.6,21
10,50 St,2021-02-19,2015-May 2025,2. Medium,8,21
11,50 St,2021-04-27,2015-May 2025,1. Low,8.4,21
12,50 St,2021-06-05,2015-May 2025,1. Low,5.3,21
13,50 St,2021-09-07,2015-May 2025,1. Low,7.6,21
14,50 St,2021-09-30,2015-May 2025,2. Medium,6.3,21
15,50 St,2022-05-18,2015-May 2025,1. Low,6,21
16,50 St,2022-06-28,2015-May 2025,2. Medium,5.4,21
17,50 St,2023-04-01,2015-May 2025,1. Low,5.8,21
18,50 St,2023-07-03,2015-May 2025,3. High,2.1,21
19,50 St,2023-07-08,2015-May 2025,2. Medium,2.5,21
20,50 St,2024-05-07,2015-May 2025,1. Low,4.8,21
21,50 St,2025-01-26,2015-May 2025,1. Low,8,21
1,66 St-Lincoln Center,2015-08-10,2015-May 2025,2. Medium,6.6,21
2,66 St-Lincoln Center,2015-10-23,2015-May 2025,3. High,5.4,21
3,66 St-Lincoln Center,2016-02-16,2015-May 2025,2. Medium,7,21
4,66 St-Lincoln Center,2016-07-23,2015-May 2025,2. Medium,7.9,21
5,66 St-Lincoln Center,2017-06-18,2015-May 2025,1. Low,5.9,21
6,66 St-Lincoln Center,2018-02-11,2015-May 2025,1. Low,5.3,21
7,66 St-Lincoln Center,2018-02-17,2015-May 2025,3. High,2.3,21
8,66 St-Lincoln Center,2018-02-23,2015-May 2025,2. Medium,9.1,21
9,66 St-Lincoln Center,2018-06-10,2015-May 2025,3. High,7.7,21
10,66 St-Lincoln Center,2019-08-29,2015-May 2025,1. Low,3.8,21
11,66 St-Lincoln Center,2020-01-18,2015-May 2025,3. High,3,21
12,66 St-Lincoln Center,2020-09-09,2015-May 2025,1. Low,2.5,21
13,66 St-Lincoln Center,2020-10-31,2015-May 2025,3. High,6.2,21
14,66 St-Lincoln Center,2021-05-24,2015-May 2025,1. Low,5.6,21
15,66 St-Lincoln Center,2021-10-02,2015-May 2025,3. High,4.1,21
16,66 St-Lincoln Center,2023-08-14,2015-May 2025,1. Low,2,21
17,66 St-Lincoln Center,2023-09-03,2015-May 2025,2. Medium,12.2,21
18,66 St-Lincoln Center,2024-08-18,2015-May 2025,1. Low,3.2,21
19,66 St-Lincoln Center,2024-12-09,2015-May 2025,3. High,5.4,21
20,66 St-Lincoln Center,2024-12-22,2015-May 2025,3. High,6,21
21,66 St-Lincoln Center,2025-02-06,2015-May 2025,2. Medium,8,21
1,Astor Pl,2015-06-01,2015-May 2025,3. High,21.7,20
2,Astor Pl,2015-10-19,2015-May 2025,2. Medium,22,20
3,Astor Pl,2016-06-09,2015-May 2025,1. Low,18.4,20
4,Astor Pl,2016-12-18,2015-May 2025,1. Low,14.1,20
5,Astor Pl,2018-01-17,2015-May 2025,1. Low,20.8,20
6,Astor Pl,2020-02-01,2015-May 2025,2. Medium,10.3,20
7,Astor Pl,2020-09-08,2015-May 2025,3. High,13.7,20
8,Astor Pl,2020-12-10,2015-May 2025,1. Low,8.9,20
9,Astor Pl,2021-01-17,2015-May 2025,1. Low,7.6,20
10,Astor Pl,2021-02-03,2015-May 2025,1. Low,17.5,20
11,Astor Pl,2021-07-27,2015-May 2025,2. Medium,15.2,20
12,Astor Pl,2022-05-21,2015-May 2025,3. High,14.3,20
13,Astor Pl,2022-06-21,2015-May 2025,3. High,12,20
14,Astor Pl,2023-01-17,2015-May 2025,1. Low,15.9,20
15,Astor Pl,2023-03-13,2015-May 2025,1. Low,17.7,20
16,Astor Pl,2023-10-16,2015-May 2025,3. High,26.4,20
17,Astor Pl,2024-07-22,2015-May 2025,3. High,24.6,20
18,Astor Pl,2025-02-03,2015-May 2025,1. Low,20.6,20
19,Astor Pl,2025-02-20,2015-May 2025,3. High,15.6,20
20,Astor Pl,2025-02-24,2015-May 2025,2. Medium,18.8,20
1,Bowling Green,2015-04-14,2015-May 2025,1. Low,19.1,20
2,Bowling Green,2015-05-11,2015-May 2025,1. Low,13.2,20
3,Bowling Green,2015-07-17,2015-May 2025,3. High,19.3,20
4,Bowling Green,2015-10-02,2015-May 2025,1. Low,14.4,20
5,Bowling Green,2016-07-17,2015-May 2025,3. High,20.9,20
6,Bowling Green,2017-12-10,2015-May 2025,1. Low,19.5,20
7,Bowling Green,2019-05-24,2015-May 2025,3. High,13.1,20
8,Bowling Green,2019-07-13,2015-May 2025,2. Medium,13.7,20
9,Bowling Green,2019-12-03,2015-May 2025,1. Low,23.6,20
10,Bowling Green,2020-09-06,2015-May 2025,1. Low,21.4,20
11,Bowling Green,2021-04-11,2015-May 2025,2. Medium,20.8,20
12,Bowling Green,2021-06-06,2015-May 2025,3. High,20,20
13,Bowling Green,2021-06-09,2015-May 2025,1. Low,11.8,20
14,Bowling Green,2021-12-13,2015-May 2025,2. Medium,19.1,20
15,Bowling Green,2022-11-16,2015-May 2025,3. High,24.4,20
16,Bowling Green,2022-12-01,2015-May 2025,2. Medium,19.2,20
17,Bowling Green,2023-04-29,2015-May 2025,2. Medium,19.6,20
18,Bowling Green,2024-06-14,2015-May 2025,1. Low,15.4,20
19,Bowling Green,2024-07-18,2015-May 2025,2. Medium,24.8,20
20,Bowling Green,2024-09-27,2015-May 2025,3. High,16.7,20
1,Herald Sq-34 St,2015-02-20,2015-May 2025,3. High,4.5,20
2,Herald Sq-34 St,2015-03-08,2015-May 2025,1. Low,5.8,20
3,Herald Sq-34 St,2015-03-11,2015-May 2025,2. Medium,5.2,20
4,Herald Sq-34 St,2015-10-29,2015-May 2025,2. Medium,7.7,20
5,Herald Sq-34 St,2017-02-23,2015-May 2025,2. Medium,6.7,20
6,Herald Sq-34 St,2017-05-13,2015-May 2025,2. Medium,6,20
7,Herald Sq-34 St,2017-08-29,2015-May 2025,3. High,4.1,20
8,Herald Sq-34 St,2019-06-14,2015-May 2025,1. Low,8,20
9,Herald Sq-34 St,2019-12-11,2015-May 2025,3. High,3,20
10,Herald Sq-34 St,2020-04-20,2015-May 2025,1. Low,4,20
11,Herald Sq-34 St,2020-06-17,2015-May 2025,1. Low,6.3,20
12,Herald Sq-34 St,2020-10-06,2015-May 2025,3. High,2.9,20
13,Herald Sq-34 St,2022-10-06,2015-May 2025,1. Low,4.8,20
14,Herald Sq-34 St,2022-11-14,2015-May 2025,2. Medium,5.5,20
15,Herald Sq-34 St,2024-01-29,2015-May 2025,3. High,10.6,20
16,Herald Sq-34 St,2024-05-29,2015-May 2025,3. High,2.8,20
17,Herald Sq-34 St,2024-08-15,2015-May 2025,2. Medium,5.7,20
18,Herald Sq-34 St,2024-10-25,2015-May 2025,1. Low,6,20
19,Herald Sq-34 St,2024-11-06,2015-May 2025,2. Medium,7.1,20
20,Herald Sq-34 St,2024-11-20,2015-May 2025,1. Low,5.8,20
1,Grand Central-42 St,2015-11-15,2015-May 2025,2. Medium,7.2,19
2,Grand Central-42 St,2016-02-17,2015-May 2025,1. Low,7.7,19
3,Grand Central-42 St,2016-12-22,2015-May 2025,2. Medium,6.2,19
4,Grand Central-42 St,2017-04-11,2015-May 2025,3. High,3.9,19
5,Grand Central-42 St,2018-02-09,2015-May 2025,2. Medium,2.2,19
6,Grand Central-42 St,2018-06-22,2015-May 2025,3. High,6.1,19
7,Grand Central-42 St,2019-05-20,2015-May 2025,2. Medium,3.1,19
8,Grand Central-42 St,2019-08-01,2015-May 2025,3. High,6.5,19
9,Grand Central-42 St,2020-07-15,2015-May 2025,1. Low,5,19
10,Grand Central-42 St,2020-09-01,2015-May 2025,2. Medium,8.2,19
11,Grand Central-42 St,2021-12-11,2015-May 2025,3. High,6.6,19
12,Grand Central-42 St,2022-03-29,2015-May 2025,1. Low,2.2,19
13,Grand Central-42 St,2022-04-26,2015-May 2025,3. High,6.7,19
14,Grand Central-42 St,2023-09-06,2015-May 2025,1. Low,4.1,19
15,Grand Central-42 St,2023-11-27,2015-May 2025,1. Low,3.6,19
16,Grand Central-42 St,2024-03-02,2015-May 2025,1. Low,3.3,19
17,Grand Central-42 St,2024-05-13,2015-May 2025,2. Medium,9,19
18,Grand Central-42 St,2025-02-16,2015-May 2025,3. High,5.3,19
1,Grand Central-42 St,2025-06-01,Summer of 2025,3. High,3.5,19
1,Spring St,2015-03-07,2015-May 2025,1. Low,8.4,18
2,Spring St,2015-11-29,2015-May 2025,3. High,6.5,18
3,Spring St,2016-06-12,2015-May 2025,3. High,9.2,18
4,Spring St,2017-01-11,2015-May 2025,3. High,9.6,18
5,Spring St,2018-04-27,2015-May 2025,1. Low,9.5,18
6,Spring St,2018-07-18,2015-May 2025,2. Medium,5.4,18
7,Spring St,2018-12-10,2015-May 2025,3. High,4.7,18
8,Spring St,2020-01-24,2015-May 2025,2. Medium,12.1,18
9,Spring St,2020-07-02,2015-May 2025,2. Medium,11.8,18
10,Spring St,2020-12-06,2015-May 2025,2. Medium,13.1,18
11,Spring St,2022-01-12,2015-May 2025,1. Low,13.3,18
12,Spring St,2022-01-21,2015-May 2025,2. Medium,10.1,18
13,Spring St,2022-08-02,2015-May 2025,2. Medium,4.4,18
14,Spring St,2022-08-09,2015-May 2025,1. Low,5.8,18
15,Spring St,2023-01-14,2015-May 2025,1. Low,7.9,18
16,Spring St,2023-10-27,2015-May 2025,2. Medium,11.6,18
17,Spring St,2023-12-21,2015-May 2025,1. Low,10.7,18
18,Spring St,2024-11-11,2015-May 2025,2. Medium,12.2,18
1,14 St-Union Sq,2015-07-17,2015-May 2025,1. Low,20.2,17
2,14 St-Union Sq,2016-08-13,2015-May 2025,1. Low,24.1,17
3,14 St-Union Sq,2016-09-30,2015-May 2025,2. Medium,17.5,17
4,14 St-Union Sq,2017-04-27,2015-May 2025,2. Medium,13.4,17
5,14 St-Union Sq,2017-11-23,2015-May 2025,1. Low,14.8,17
6,14 St-Union Sq,2019-07-14,2015-May 2025,2. Medium,12.7,17
7,14 St-Union Sq,2019-09-20,2015-May 2025,3. High,17,17
8,14 St-Union Sq,2019-11-21,2015-May 2025,2. Medium,14,17
9,14 St-Union Sq,2020-01-07,2015-May 2025,3. High,10.5,17
10,14 St-Union Sq,2020-04-29,2015-May 2025,1. Low,17.3,17
11,14 St-Union Sq,2021-08-17,2015-May 2025,2. Medium,18.3,17
12,14 St-Union Sq,2021-12-31,2015-May 2025,1. Low,20.7,17
13,14 St-Union Sq,2022-05-14,2015-May 2025,3. High,22.8,17
14,14 St-Union Sq,2022-07-22,2015-May 2025,1. Low,21.8,17
15,14 St-Union Sq,2023-12-13,2015-May 2025,2. Medium,17.1,17
16,14 St-Union Sq,2024-04-30,2015-May 2025,3. High,23.5,17
17,14 St-Union Sq,2025-02-03,2015-May 2025,3. High,15.6,17